{
  "subgraphx": {
    "8": {
      "fidelity": 0.7978915572166443,
      "fidelity_inv": 0.14380133152008057,
      "sparsity": 0.7629044055938721,
      "accuracy": 0.6836996225440026,
      "stability": NaN,
      "model_accuracy": 0.84
    }
  }
}