{
  "subgraphx": {
    "8": {
      "fidelity": 0.5495186448097229,
      "fidelity_inv": 0.11978176236152649,
      "sparsity": 0.7288472056388855,
      "accuracy": 0.6330614717102484,
      "stability": NaN,
      "model_accuracy": 0.54
    }
  }
}