{
  "subgraphx": {
    "8": {
      "fidelity": 0.26980820298194885,
      "fidelity_inv": -0.011578046716749668,
      "sparsity": 0.5834714770317078,
      "accuracy": NaN,
      "stability": NaN,
      "model_accuracy": 0.49049773755656106
    }
  }
}