{
  "subgraphx": {
    "8": {
      "fidelity": 0.3004177510738373,
      "fidelity_inv": -0.09409433603286743,
      "sparsity": 0.6328750848770142,
      "accuracy": NaN,
      "stability": NaN,
      "model_accuracy": 0.7066473988439307
    }
  }
}